{"cameraMode":{"drawMode":0,"name":"Shaded","section":"Shading Mode"},"sceneLighting":true,"audioPlay":false,"sceneViewState":{"showFog":true,"showMaterialUpdate":false,"showSkybox":true,"showFlares":true,"showImageEffects":true,"showParticleSystems":true},"in2DMode":false,"pivot":{"x":309.75689697265627,"y":4.007485389709473,"z":584.23388671875},"rotation":{"x":0.05361931398510933,"y":0.6187732815742493,"z":-0.04238218814134598,"w":0.7826340794563294},"size":13.671109199523926,"orthographic":false}