{"cameraMode":{"drawMode":0,"name":"Shaded","section":"Shading Mode"},"sceneLighting":true,"audioPlay":false,"sceneViewState":{"showFog":true,"showMaterialUpdate":false,"showSkybox":true,"showFlares":true,"showImageEffects":true,"showParticleSystems":true},"in2DMode":false,"pivot":{"x":282.68414306640627,"y":2.0391604900360109,"z":585.3228149414063},"rotation":{"x":0.045473821461200717,"y":-0.13296633958816529,"z":0.0061133550480008129,"w":0.9900862574577332},"size":13.955033302307129,"orthographic":false}