{"cameraMode":{"drawMode":0,"name":"Shaded","section":"Shading Mode"},"sceneLighting":true,"audioPlay":false,"sceneViewState":{"showFog":true,"showMaterialUpdate":false,"showSkybox":true,"showFlares":true,"showImageEffects":true,"showParticleSystems":true},"in2DMode":false,"pivot":{"x":291.2565612792969,"y":11.44925308227539,"z":585.72705078125},"rotation":{"x":0.29906415939331057,"y":0.03291258588433266,"z":-0.01032174937427044,"w":0.9536107182502747},"size":10.517034530639649,"orthographic":false}