{"cameraMode":{"drawMode":0,"name":"Shaded","section":"Shading Mode"},"sceneLighting":true,"audioPlay":false,"sceneViewState":{"showFog":true,"showMaterialUpdate":false,"showSkybox":true,"showFlares":true,"showImageEffects":true,"showParticleSystems":true},"in2DMode":false,"pivot":{"x":287.2004699707031,"y":3.7732155323028566,"z":590.1166381835938},"rotation":{"x":0.16946454346179963,"y":0.036930572241544726,"z":-0.006495879031717777,"w":0.9849085211753845},"size":7.2062788009643559,"orthographic":false}